<?xml version="1.0" encoding="UTF-8"?>
<project-private xmlns="http://www.netbeans.org/ns/project-private/1">
    <editor-bookmarks xmlns="http://www.netbeans.org/ns/editor-bookmarks/2" lastBookmarkId="0"/>
    <open-files xmlns="http://www.netbeans.org/ns/projectui-open-files/2">
        <group>
            <file>file:/C:/Users/Black%20Code/Documents/NetBeansProjects/Medical%20Store%20Management%20System/src/Forms/Medicines/InsertMedicines.java</file>
            <file>file:/C:/Users/Black%20Code/Documents/NetBeansProjects/Medical%20Store%20Management%20System/src/Companies/CompaniesPanel.java</file>
            <file>file:/C:/Users/Black%20Code/Documents/NetBeansProjects/Medical%20Store%20Management%20System/src/ProductCategory/AddCategory.java</file>
            <file>file:/C:/Users/Black%20Code/Documents/NetBeansProjects/Medical%20Store%20Management%20System/src/Forms/Login.java</file>
            <file>file:/C:/Users/Black%20Code/Documents/NetBeansProjects/Medical%20Store%20Management%20System/src/Forms/UserRegistration.java</file>
            <file>file:/C:/Users/Black%20Code/Documents/NetBeansProjects/Medical%20Store%20Management%20System/src/SalesRecord/SalesRecord.java</file>
            <file>file:/C:/Users/Black%20Code/Documents/NetBeansProjects/Medical%20Store%20Management%20System/src/Createuser/CreateUser.java</file>
            <file>file:/C:/Users/Black%20Code/Documents/NetBeansProjects/Medical%20Store%20Management%20System/src/Companies/UpdateCompany.java</file>
            <file>file:/C:/Users/Black%20Code/Documents/NetBeansProjects/Medical%20Store%20Management%20System/src/Forms/Medicines/UpdateMedicines.java</file>
            <file>file:/C:/Users/Black%20Code/Documents/NetBeansProjects/Medical%20Store%20Management%20System/src/Forms/MainPanel.java</file>
            <file>file:/C:/Users/Black%20Code/Documents/NetBeansProjects/Medical%20Store%20Management%20System/src/NewSalesRecord/NewSalesRecord.java</file>
            <file>file:/C:/Users/Black%20Code/Documents/NetBeansProjects/Medical%20Store%20Management%20System/src/Forms/Medicines/MedicinesPanel.java</file>
            <file>file:/C:/Users/Black%20Code/Documents/NetBeansProjects/Medical%20Store%20Management%20System/src/Companies/InsertCompany.java</file>
            <file>file:/C:/Users/Black%20Code/Documents/NetBeansProjects/Medical%20Store%20Management%20System/src/ChangePassword/ChangePassword.java</file>
        </group>
    </open-files>
</project-private>
